{
  "counters": {
    "docs_attempted": 3,
    "docs_scanned": 3,
    "ocr_pages_total": 3,
    "llm_calls_success": 3,
    "docs_queued_review": 3,
    "docs_processed_ok": 3
  },
  "distributions": {
    "ocr_avg_confidence": {
      "count": 3,
      "min": 67.51,
      "max": 72.31,
      "mean": 69.50666666666667
    },
    "llm_latency_s": {
      "count": 3,
      "min": 389.25,
      "max": 536.45,
      "mean": 454.6000000000001
    },
    "page_1_seconds": {
      "count": 3,
      "min": 395.64906300000075,
      "max": 543.7231968999986,
      "mean": 461.5836726999987
    },
    "doc_total_seconds": {
      "count": 3,
      "min": 395.7093175000009,
      "max": 543.7728720999985,
      "mean": 461.6441262666667
    }
  }
}