{
  "counters": {
    "docs_attempted": 1,
    "docs_scanned": 1,
    "ocr_pages_total": 1,
    "llm_calls_success": 1,
    "docs_queued_review": 1,
    "docs_processed_ok": 1
  },
  "distributions": {
    "ocr_avg_confidence": {
      "count": 1,
      "min": 67.51,
      "max": 67.51,
      "mean": 67.51
    },
    "llm_latency_s": {
      "count": 1,
      "min": 106.87,
      "max": 106.87,
      "mean": 106.87
    },
    "page_1_seconds": {
      "count": 1,
      "min": 114.27638290000004,
      "max": 114.27638290000004,
      "mean": 114.27638290000004
    },
    "doc_total_seconds": {
      "count": 1,
      "min": 114.88378210000019,
      "max": 114.88378210000019,
      "mean": 114.88378210000019
    }
  }
}