{
  "counters": {
    "docs_attempted": 3,
    "docs_scanned": 3,
    "ocr_pages_total": 3,
    "llm_calls_success": 3,
    "docs_queued_review": 3,
    "docs_processed_ok": 3
  },
  "distributions": {
    "ocr_avg_confidence": {
      "count": 3,
      "min": 67.51,
      "max": 72.31,
      "mean": 69.50666666666667
    },
    "llm_latency_s": {
      "count": 3,
      "min": 182.15,
      "max": 241.99,
      "mean": 221.7733333333333
    },
    "page_1_seconds": {
      "count": 3,
      "min": 186.08928739999828,
      "max": 248.57547350000823,
      "mean": 227.61150823333205
    },
    "doc_total_seconds": {
      "count": 3,
      "min": 186.11857910000253,
      "max": 248.61622809999972,
      "mean": 227.65544153333272
    }
  }
}